125,126,127,128,129,130,131,132,133,134,135,136,137,138,139,140,141,142,143,144,145,146,147,148,149,150,151,152,153,154,155,156,157,158,159,160,161,162,163,164,165,166,167,168,169,170,171,172,173,174,175,176,177,178,1073743385,1073743386,1073743387,1073743388,1073743389,1073743390,1073743391,1073743392,1073743393,1073743394,1073743395,1073743396,1073743397,1073743398,1073743399,1073743400,1073743401,1073743402,1073743403,1073743404,1073743405,1073743406,1073743407,1073743408,1073743409,1073743410,1073743411,1073743412,1073743413,1073743414,1073743415,1073743416,1073743417,1073743418,1073743419,1073743420,1073743421,1073743422,1073743423,1073743424,1073743425,1073743426,1073743427,1073743428,1073743429,1073743430
185,186,187,188,189,190,191,192,193,194,195,196,197,198,199,200,201,202,203,204,205,206,207,208,209,210,211,212,213,214,215,216,217,218,219,220,221,222,223,224,225,226,227,228,229,230,231,232,233,234,235,236,237,238,1073743325,1073743326,1073743327,1073743328,1073743329,1073743330,1073743331,1073743332,1073743333,1073743334,1073743335,1073743336,1073743337,1073743338,1073743339,1073743340,1073743341,1073743342,1073743343,1073743344,1073743345,1073743346,1073743347,1073743348,1073743349,1073743350,1073743351,1073743352,1073743353,1073743354,1073743355,1073743356,1073743357,1073743358,1073743359,1073743360,1073743361,1073743362,1073743363,1073743364,1073743365,1073743366,1073743367,1073743368,1073743369,1073743370
245,246,247,248,249,250,251,252,253,254,255,256,257,258,259,260,261,262,263,264,265,266,267,268,269,270,271,272,273,274,275,276,277,278,279,280,281,282,283,284,285,286,287,288,289,290,291,292,293,294,295,296,297,298,1073743265,1073743266,1073743267,1073743268,1073743269,1073743270,1073743271,1073743272,1073743273,1073743274,1073743275,1073743276,1073743277,1073743278,1073743279,1073743280,1073743281,1073743282,1073743283,1073743284,1073743285,1073743286,1073743287,1073743288,1073743289,1073743290,1073743291,1073743292,1073743293,1073743294,1073743295,1073743296,1073743297,1073743298,1073743299,1073743300,1073743301,1073743302,1073743303,1073743304,1073743305,1073743306,1073743307,1073743308,1073743309,1073743310
305,306,307,308,309,310,311,312,313,314,315,316,317,318,319,320,321,322,323,324,325,326,327,328,329,330,331,332,333,334,335,336,337,338,339,340,341,342,343,344,345,346,347,348,349,350,351,352,353,354,355,356,357,358,1073743205,1073743206,1073743207,1073743208,1073743209,1073743210,1073743211,1073743212,1073743213,1073743214,1073743215,1073743216,1073743217,1073743218,1073743219,1073743220,1073743221,1073743222,1073743223,1073743224,1073743225,1073743226,1073743227,1073743228,1073743229,1073743230,1073743231,1073743232,1073743233,1073743234,1073743235,1073743236,1073743237,1073743238,1073743239,1073743240,1073743241,1073743242,1073743243,1073743244,1073743245,1073743246,1073743247,1073743248,1073743249,1073743250
365,366,367,368,369,370,371,372,373,374,375,376,377,378,379,380,381,382,383,384,385,386,387,388,389,390,391,392,393,394,395,396,397,398,399,400,401,402,403,404,405,406,407,408,409,410,411,412,413,414,415,416,417,418,1073743145,1073743146,1073743147,1073743148,1073743149,1073743150,1073743151,1073743152,1073743153,1073743154,1073743155,1073743156,1073743157,1073743158,1073743159,1073743160,1073743161,1073743162,1073743163,1073743164,1073743165,1073743166,1073743167,1073743168,1073743169,1073743170,1073743171,1073743172,1073743173,1073743174,1073743175,1073743176,1073743177,1073743178,1073743179,1073743180,1073743181,1073743182,1073743183,1073743184,1073743185,1073743186,1073743187,1073743188,1073743189,1073743190
425,426,427,428,429,430,431,432,433,434,435,436,437,438,439,440,441,442,443,444,445,446,447,448,449,450,451,452,453,454,455,456,457,458,459,460,461,462,463,464,465,466,467,468,469,470,471,472,473,474,475,476,477,478,1073743085,1073743086,1073743087,1073743088,1073743089,1073743090,1073743091,1073743092,1073743093,1073743094,1073743095,1073743096,1073743097,1073743098,1073743099,1073743100,1073743101,1073743102,1073743103,1073743104,1073743105,1073743106,1073743107,1073743108,1073743109,1073743110,1073743111,1073743112,1073743113,1073743114,1073743115,1073743116,1073743117,1073743118,1073743119,1073743120,1073743121,1073743122,1073743123,1073743124,1073743125,1073743126,1073743127,1073743128,1073743129,1073743130
485,486,487,488,489,490,491,492,493,494,495,496,497,498,499,500,501,502,503,504,505,506,507,508,509,510,511,512,513,514,515,516,517,518,519,520,521,522,523,524,525,526,527,528,529,530,531,532,533,534,535,536,537,538,1073743025,1073743026,1073743027,1073743028,1073743029,1073743030,1073743031,1073743032,1073743033,1073743034,1073743035,1073743036,1073743037,1073743038,1073743039,1073743040,1073743041,1073743042,1073743043,1073743044,1073743045,1073743046,1073743047,1073743048,1073743049,1073743050,1073743051,1073743052,1073743053,1073743054,1073743055,1073743056,1073743057,1073743058,1073743059,1073743060,1073743061,1073743062,1073743063,1073743064,1073743065,1073743066,1073743067,1073743068,1073743069,1073743070
545,546,547,548,549,550,551,552,553,554,555,556,557,558,559,560,561,562,563,564,565,566,567,568,569,570,571,572,573,574,575,576,577,578,579,580,581,582,583,584,585,586,587,588,589,590,591,592,593,594,595,596,597,598,1073742965,1073742966,1073742967,1073742968,1073742969,1073742970,1073742971,1073742972,1073742973,1073742974,1073742975,1073742976,1073742977,1073742978,1073742979,1073742980,1073742981,1073742982,1073742983,1073742984,1073742985,1073742986,1073742987,1073742988,1073742989,1073742990,1073742991,1073742992,1073742993,1073742994,1073742995,1073742996,1073742997,1073742998,1073742999,1073743000,1073743001,1073743002,1073743003,1073743004,1073743005,1073743006,1073743007,1073743008,1073743009,1073743010
605,606,607,608,609,610,611,612,613,614,615,616,617,618,619,620,621,622,623,624,625,626,627,628,629,630,631,632,633,634,635,636,637,638,639,640,641,642,643,644,645,646,647,648,649,650,651,652,653,654,655,656,657,658,1073742905,1073742906,1073742907,1073742908,1073742909,1073742910,1073742911,1073742912,1073742913,1073742914,1073742915,1073742916,1073742917,1073742918,1073742919,1073742920,1073742921,1073742922,1073742923,1073742924,1073742925,1073742926,1073742927,1073742928,1073742929,1073742930,1073742931,1073742932,1073742933,1073742934,1073742935,1073742936,1073742937,1073742938,1073742939,1073742940,1073742941,1073742942,1073742943,1073742944,1073742945,1073742946,1073742947,1073742948,1073742949,1073742950
665,666,667,668,669,670,671,672,673,674,675,676,677,678,679,680,681,682,683,684,685,686,687,688,689,690,691,692,693,694,695,696,697,698,699,700,701,702,703,704,705,706,707,708,709,710,711,712,713,714,715,716,717,718,1073742845,1073742846,1073742847,1073742848,1073742849,1073742850,1073742851,1073742852,1073742853,1073742854,1073742855,1073742856,1073742857,1073742858,1073742859,1073742860,1073742861,1073742862,1073742863,1073742864,1073742865,1073742866,1073742867,1073742868,1073742869,1073742870,1073742871,1073742872,1073742873,1073742874,1073742875,1073742876,1073742877,1073742878,1073742879,1073742880,1073742881,1073742882,1073742883,1073742884,1073742885,1073742886,1073742887,1073742888,1073742889,1073742890
725,726,727,728,729,730,731,732,733,734,735,736,737,738,739,740,741,742,743,744,745,746,747,748,749,750,751,752,753,754,755,756,757,758,759,760,761,762,763,764,765,766,767,768,769,770,771,772,773,774,775,776,777,778,1073742785,1073742786,1073742787,1073742788,1073742789,1073742790,1073742791,1073742792,1073742793,1073742794,1073742795,1073742796,1073742797,1073742798,1073742799,1073742800,1073742801,1073742802,1073742803,1073742804,1073742805,1073742806,1073742807,1073742808,1073742809,1073742810,1073742811,1073742812,1073742813,1073742814,1073742815,1073742816,1073742817,1073742818,1073742819,1073742820,1073742821,1073742822,1073742823,1073742824,1073742825,1073742826,1073742827,1073742828,1073742829,1073742830
785,786,787,788,789,790,791,792,793,794,795,796,797,798,799,800,801,802,803,804,805,806,807,808,809,810,811,812,813,814,815,816,817,818,819,820,821,822,823,824,825,826,827,828,829,830,831,832,833,834,835,836,837,838,1073742725,1073742726,1073742727,1073742728,1073742729,1073742730,1073742731,1073742732,1073742733,1073742734,1073742735,1073742736,1073742737,1073742738,1073742739,1073742740,1073742741,1073742742,1073742743,1073742744,1073742745,1073742746,1073742747,1073742748,1073742749,1073742750,1073742751,1073742752,1073742753,1073742754,1073742755,1073742756,1073742757,1073742758,1073742759,1073742760,1073742761,1073742762,1073742763,1073742764,1073742765,1073742766,1073742767,1073742768,1073742769,1073742770
845,846,847,848,849,850,851,852,853,854,855,856,857,858,859,860,861,862,863,864,865,866,867,868,869,870,871,872,873,874,875,876,877,878,879,880,881,882,883,884,885,886,887,888,889,890,891,892,893,894,895,896,897,898,1073742665,1073742666,1073742667,1073742668,1073742669,1073742670,1073742671,1073742672,1073742673,1073742674,1073742675,1073742676,1073742677,1073742678,1073742679,1073742680,1073742681,1073742682,1073742683,1073742684,1073742685,1073742686,1073742687,1073742688,1073742689,1073742690,1073742691,1073742692,1073742693,1073742694,1073742695,1073742696,1073742697,1073742698,1073742699,1073742700,1073742701,1073742702,1073742703,1073742704,1073742705,1073742706,1073742707,1073742708,1073742709,1073742710
905,906,907,908,909,910,911,912,913,914,915,916,917,918,919,920,921,922,923,924,925,926,927,928,929,930,931,932,933,934,935,936,937,938,939,940,941,942,943,944,945,946,947,948,949,950,951,952,953,954,955,956,957,958,1073742605,1073742606,1073742607,1073742608,1073742609,1073742610,1073742611,1073742612,1073742613,1073742614,1073742615,1073742616,1073742617,1073742618,1073742619,1073742620,1073742621,1073742622,1073742623,1073742624,1073742625,1073742626,1073742627,1073742628,1073742629,1073742630,1073742631,1073742632,1073742633,1073742634,1073742635,1073742636,1073742637,1073742638,1073742639,1073742640,1073742641,1073742642,1073742643,1073742644,1073742645,1073742646,1073742647,1073742648,1073742649,1073742650
965,966,967,968,969,970,971,972,973,974,975,976,977,978,979,980,981,982,983,984,985,986,987,988,989,990,991,992,993,994,995,996,997,998,999,1000,1001,1002,1003,1004,1005,1006,1007,1008,1009,1010,1011,1012,1013,1014,1015,1016,1017,1018,1073742545,1073742546,1073742547,1073742548,1073742549,1073742550,1073742551,1073742552,1073742553,1073742554,1073742555,1073742556,1073742557,1073742558,1073742559,1073742560,1073742561,1073742562,1073742563,1073742564,1073742565,1073742566,1073742567,1073742568,1073742569,1073742570,1073742571,1073742572,1073742573,1073742574,1073742575,1073742576,1073742577,1073742578,1073742579,1073742580,1073742581,1073742582,1073742583,1073742584,1073742585,1073742586,1073742587,1073742588,1073742589,1073742590
1025,1026,1027,1028,1029,1030,1031,1032,1033,1034,1035,1036,1037,1038,1039,1040,1041,1042,1043,1044,1045,1046,1047,1048,1049,1050,1051,1052,1053,1054,1055,1056,1057,1058,1059,1060,1061,1062,1063,1064,1065,1066,1067,1068,1069,1070,1071,1072,1073,1074,1075,1076,1077,1078,1073742485,1073742486,1073742487,1073742488,1073742489,1073742490,1073742491,1073742492,1073742493,1073742494,1073742495,1073742496,1073742497,1073742498,1073742499,1073742500,1073742501,1073742502,1073742503,1073742504,1073742505,1073742506,1073742507,1073742508,1073742509,1073742510,1073742511,1073742512,1073742513,1073742514,1073742515,1073742516,1073742517,1073742518,1073742519,1073742520,1073742521,1073742522,1073742523,1073742524,1073742525,1073742526,1073742527,1073742528,1073742529,1073742530
1085,1086,1087,1088,1089,1090,1091,1092,1093,1094,1095,1096,1097,1098,1099,1100,1101,1102,1103,1104,1105,1106,1107,1108,1109,1110,1111,1112,1113,1114,1115,1116,1117,1118,1119,1120,1121,1122,1123,1124,1125,1126,1127,1128,1129,1130,1131,1132,1133,1134,1135,1136,1137,1138,1073742425,1073742426,1073742427,1073742428,1073742429,1073742430,1073742431,1073742432,1073742433,1073742434,1073742435,1073742436,1073742437,1073742438,1073742439,1073742440,1073742441,1073742442,1073742443,1073742444,1073742445,1073742446,1073742447,1073742448,1073742449,1073742450,1073742451,1073742452,1073742453,1073742454,1073742455,1073742456,1073742457,1073742458,1073742459,1073742460,1073742461,1073742462,1073742463,1073742464,1073742465,1073742466,1073742467,1073742468,1073742469,1073742470
1145,1146,1147,1148,1149,1150,1151,1152,1153,1154,1155,1156,1157,1158,1159,1160,1161,1162,1163,1164,1165,1166,1167,1168,1169,1170,1171,1172,1173,1174,1175,1176,1177,1178,1179,1180,1181,1182,1183,1184,1185,1186,1187,1188,1189,1190,1191,1192,1193,1194,1195,1196,1197,1198,1073742365,1073742366,1073742367,1073742368,1073742369,1073742370,1073742371,1073742372,1073742373,1073742374,1073742375,1073742376,1073742377,1073742378,1073742379,1073742380,1073742381,1073742382,1073742383,1073742384,1073742385,1073742386,1073742387,1073742388,1073742389,1073742390,1073742391,1073742392,1073742393,1073742394,1073742395,1073742396,1073742397,1073742398,1073742399,1073742400,1073742401,1073742402,1073742403,1073742404,1073742405,1073742406,1073742407,1073742408,1073742409,1073742410
1205,1206,1207,1208,1209,1210,1211,1212,1213,1214,1215,1216,1217,1218,1219,1220,1221,1222,1223,1224,1225,1226,1227,1228,1229,1230,1231,1232,1233,1234,1235,1236,1237,1238,1239,1240,1241,1242,1243,1244,1245,1246,1247,1248,1249,1250,1251,1252,1253,1254,1255,1256,1257,1258,1073742305,1073742306,1073742307,1073742308,1073742309,1073742310,1073742311,1073742312,1073742313,1073742314,1073742315,1073742316,1073742317,1073742318,1073742319,1073742320,1073742321,1073742322,1073742323,1073742324,1073742325,1073742326,1073742327,1073742328,1073742329,1073742330,1073742331,1073742332,1073742333,1073742334,1073742335,1073742336,1073742337,1073742338,1073742339,1073742340,1073742341,1073742342,1073742343,1073742344,1073742345,1073742346,1073742347,1073742348,1073742349,1073742350
1265,1266,1267,1268,1269,1270,1271,1272,1273,1274,1275,1276,1277,1278,1279,1280,1281,1282,1283,1284,1285,1286,1287,1288,1289,1290,1291,1292,1293,1294,1295,1296,1297,1298,1299,1300,1301,1302,1303,1304,1305,1306,1307,1308,1309,1310,1311,1312,1313,1314,1315,1316,1317,1318,1073742245,1073742246,1073742247,1073742248,1073742249,1073742250,1073742251,1073742252,1073742253,1073742254,1073742255,1073742256,1073742257,1073742258,1073742259,1073742260,1073742261,1073742262,1073742263,1073742264,1073742265,1073742266,1073742267,1073742268,1073742269,1073742270,1073742271,1073742272,1073742273,1073742274,1073742275,1073742276,1073742277,1073742278,1073742279,1073742280,1073742281,1073742282,1073742283,1073742284,1073742285,1073742286,1073742287,1073742288,1073742289,1073742290
1325,1326,1327,1328,1329,1330,1331,1332,1333,1334,1335,1336,1337,1338,1339,1340,1341,1342,1343,1344,1345,1346,1347,1348,1349,1350,1351,1352,1353,1354,1355,1356,1357,1358,1359,1360,1361,1362,1363,1364,1365,1366,1367,1368,1369,1370,1371,1372,1373,1374,1375,1376,1377,1378,1073742185,1073742186,1073742187,1073742188,1073742189,1073742190,1073742191,1073742192,1073742193,1073742194,1073742195,1073742196,1073742197,1073742198,1073742199,1073742200,1073742201,1073742202,1073742203,1073742204,1073742205,1073742206,1073742207,1073742208,1073742209,1073742210,1073742211,1073742212,1073742213,1073742214,1073742215,1073742216,1073742217,1073742218,1073742219,1073742220,1073742221,1073742222,1073742223,1073742224,1073742225,1073742226,1073742227,1073742228,1073742229,1073742230
1385,1386,1387,1388,1389,1390,1391,1392,1393,1394,1395,1396,1397,1398,1399,1400,1401,1402,1403,1404,1405,1406,1407,1408,1409,1410,1411,1412,1413,1414,1415,1416,1417,1418,1419,1420,1421,1422,1423,1424,1425,1426,1427,1428,1429,1430,1431,1432,1433,1434,1435,1436,1437,1438,1073742125,1073742126,1073742127,1073742128,1073742129,1073742130,1073742131,1073742132,1073742133,1073742134,1073742135,1073742136,1073742137,1073742138,1073742139,1073742140,1073742141,1073742142,1073742143,1073742144,1073742145,1073742146,1073742147,1073742148,1073742149,1073742150,1073742151,1073742152,1073742153,1073742154,1073742155,1073742156,1073742157,1073742158,1073742159,1073742160,1073742161,1073742162,1073742163,1073742164,1073742165,1073742166,1073742167,1073742168,1073742169,1073742170
1445,1446,1447,1448,1449,1450,1451,1452,1453,1454,1455,1456,1457,1458,1459,1460,1461,1462,1463,1464,1465,1466,1467,1468,1469,1470,1471,1472,1473,1474,1475,1476,1477,1478,1479,1480,1481,1482,1483,1484,1485,1486,1487,1488,1489,1490,1491,1492,1493,1494,1495,1496,1497,1498,1073742065,1073742066,1073742067,1073742068,1073742069,1073742070,1073742071,1073742072,1073742073,1073742074,1073742075,1073742076,1073742077,1073742078,1073742079,1073742080,1073742081,1073742082,1073742083,1073742084,1073742085,1073742086,1073742087,1073742088,1073742089,1073742090,1073742091,1073742092,1073742093,1073742094,1073742095,1073742096,1073742097,1073742098,1073742099,1073742100,1073742101,1073742102,1073742103,1073742104,1073742105,1073742106,1073742107,1073742108,1073742109,1073742110
1505,1506,1507,1508,1509,1510,1511,1512,1513,1514,1515,1516,1517,1518,1519,1520,1521,1522,1523,1524,1525,1526,1527,1528,1529,1530,1531,1532,1533,1534,1535,1536,1537,1538,1539,1540,1541,1542,1543,1544,1545,1546,1547,1548,1549,1550,1551,1552,1553,1554,1555,1556,1557,1558,1073742005,1073742006,1073742007,1073742008,1073742009,1073742010,1073742011,1073742012,1073742013,1073742014,1073742015,1073742016,1073742017,1073742018,1073742019,1073742020,1073742021,1073742022,1073742023,1073742024,1073742025,1073742026,1073742027,1073742028,1073742029,1073742030,1073742031,1073742032,1073742033,1073742034,1073742035,1073742036,1073742037,1073742038,1073742039,1073742040,1073742041,1073742042,1073742043,1073742044,1073742045,1073742046,1073742047,1073742048,1073742049,1073742050
1073743400,1073743401,1073743402,1073743403,1073743404,1073743405,1073743406,1073743407,1073743408,1073743409,1073743410,1073743411,1073743412,1073743413,1073743414,1073743415,1073743416,1073743417,1073743418,1073743419,1073743420,1073743421,1073743422,1073743423,1073743424,1073743425,1073743426,1073743427,1073743428,1073743429,1073743430,1073743431,1073743432,1073743433,1073743434,1073743435,1073743436,1073743437,1073743438,1073743439,1073743440,1073743441,1073743442,1608,1609,1610,1611,1612,1613,1614,1615,1616,1617,1618,1073741945,1073741946,1073741947,1073741948,1073741949,1073741950,1073741951,1073741952,1073741953,1073741954,1073741955,1073741956,1073741957,1073741958,1073741959,1073741960,1073741961,1073741962,1073741963,1073741964,1073741965,1073741966,1073741967,1073741968,1073741969,1073741970,1073741971,1073741972,1073741973,1073741974,1073741975,1073741976,1073741977,1073741978,1073741979,1073741980,1073741981,1073741982,1073741983,1073741984,1073741985,1073741986,1073741987,1073741988,1073741989,1073741990
1073743340,1073743341,1073743342,1073743343,1073743344,1073743345,1073743346,1073743347,1073743348,1073743349,1073743350,1073743351,1073743352,1073743353,1073743354,1073743355,1073743356,1073743357,1073743358,1073743359,1073743360,1073743361,1073743362,1073743363,1073743364,1073743365,1073743366,1073743367,1073743368,1073743369,1073743370,1073743371,1073743372,1073743373,1073743374,1073743375,1073743376,1073743377,1073743378,1073743379,1073743380,1073743381,1073743382,-2147483530,-2147483531,-2147483532,-2147483533,-2147483534,-2147483535,-2147483536,-2147483537,-2147483538,-2147483539,-2147483540,1073741885,1073741886,1073741887,1073741888,1073741889,1073741890,1073741891,1073741892,1073741893,1073741894,1073741895,1073741896,1073741897,1073741898,1073741899,1073741900,1073741901,1073741902,1073741903,1073741904,1073741905,1073741906,1073741907,1073741908,1073741909,1073741910,1073741911,1073741912,1073741913,1073741914,1073741915,1073741916,1073741917,1073741918,1073741919,1073741920,1073741921,1073741922,1073741923,1073741924,1073741925,1073741926,1073741927,1073741928,1073741929,1073741930
1073743280,1073743281,1073743282,1073743283,1073743284,1073743285,1073743286,1073743287,1073743288,1073743289,1073743290,1073743291,1073743292,1073743293,1073743294,1073743295,1073743296,1073743297,1073743298,1073743299,1073743300,1073743301,1073743302,1073743303,1073743304,1073743305,1073743306,1073743307,1073743308,1073743309,1073743310,1073743311,1073743312,1073743313,1073743314,1073743315,1073743316,1073743317,1073743318,1073743319,1073743320,1073743321,1073743322,-2147483470,-2147483471,-2147483472,-2147483473,-2147483474,-2147483475,-2147483476,-2147483477,-2147483478,-2147483479,-2147483480,-2147483481,-2147483482,-2147483483,-2147483484,-2147483485,-2147483486,-2147483487,-2147483488,-2147483489,-2147483490,-2147483491,-2147483492,-2147483493,-2147483494,-2147483495,-2147483496,-2147483497,-2147483498,-2147483499,-2147483500,-2147483501,-2147483502,-2147483503,-2147483504,-2147483505,-2147483506,-2147483507,-2147483508,-2147483509,-2147483510,-2147483511,-2147483512,-2147483513,-2147483514,-2147483515,-2147483516,-2147483517,-2147483518,-2147483519,-2147483520,-2147483521,-2147483522,-2147483523,-2147483524,-2147483525,-2147483526
1073743220,1073743221,1073743222,1073743223,1073743224,1073743225,1073743226,1073743227,1073743228,1073743229,1073743230,1073743231,1073743232,1073743233,1073743234,1073743235,1073743236,1073743237,1073743238,1073743239,1073743240,1073743241,1073743242,1073743243,1073743244,1073743245,1073743246,1073743247,1073743248,1073743249,1073743250,1073743251,1073743252,1073743253,1073743254,1073743255,1073743256,1073743257,1073743258,1073743259,1073743260,1073743261,1073743262,-2147483410,-2147483411,-2147483412,-2147483413,-2147483414,-2147483415,-2147483416,-2147483417,-2147483418,-2147483419,-2147483420,-2147483421,-2147483422,-2147483423,-2147483424,-2147483425,-2147483426,-2147483427,-2147483428,-2147483429,-2147483430,-2147483431,-2147483432,-2147483433,-2147483434,-2147483435,-2147483436,-2147483437,-2147483438,-2147483439,-2147483440,-2147483441,-2147483442,-2147483443,-2147483444,-2147483445,-2147483446,-2147483447,-2147483448,-2147483449,-2147483450,-2147483451,-2147483452,-2147483453,-2147483454,-2147483455,-2147483456,-2147483457,-2147483458,-2147483459,-2147483460,-2147483461,-2147483462,-2147483463,-2147483464,-2147483465,-2147483466
1073743160,1073743161,1073743162,1073743163,1073743164,1073743165,1073743166,1073743167,1073743168,1073743169,1073743170,1073743171,1073743172,1073743173,1073743174,1073743175,1073743176,1073743177,1073743178,1073743179,1073743180,1073743181,1073743182,1073743183,1073743184,1073743185,1073743186,1073743187,1073743188,1073743189,1073743190,1073743191,1073743192,1073743193,1073743194,1073743195,1073743196,1073743197,1073743198,1073743199,1073743200,1073743201,1073743202,-2147483350,-2147483351,-2147483352,-2147483353,-2147483354,-2147483355,-2147483356,-2147483357,-2147483358,-2147483359,-2147483360,-2147483361,-2147483362,-2147483363,-2147483364,-2147483365,-2147483366,-2147483367,-2147483368,-2147483369,-2147483370,-2147483371,-2147483372,-2147483373,-2147483374,-2147483375,-2147483376,-2147483377,-2147483378,-2147483379,-2147483380,-2147483381,-2147483382,-2147483383,-2147483384,-2147483385,-2147483386,-2147483387,-2147483388,-2147483389,-2147483390,-2147483391,-2147483392,-2147483393,-2147483394,-2147483395,-2147483396,-2147483397,-2147483398,-2147483399,-2147483400,-2147483401,-2147483402,-2147483403,-2147483404,-2147483405,-2147483406
1073743100,1073743101,1073743102,1073743103,1073743104,1073743105,1073743106,1073743107,1073743108,1073743109,1073743110,1073743111,1073743112,1073743113,1073743114,1073743115,1073743116,1073743117,1073743118,1073743119,1073743120,1073743121,1073743122,1073743123,1073743124,1073743125,1073743126,1073743127,1073743128,1073743129,1073743130,1073743131,1073743132,1073743133,1073743134,1073743135,1073743136,1073743137,1073743138,1073743139,1073743140,1073743141,1073743142,-2147483290,-2147483291,-2147483292,-2147483293,-2147483294,-2147483295,-2147483296,-2147483297,-2147483298,-2147483299,-2147483300,-2147483301,-2147483302,-2147483303,-2147483304,-2147483305,-2147483306,-2147483307,-2147483308,-2147483309,-2147483310,-2147483311,-2147483312,-2147483313,-2147483314,-2147483315,-2147483316,-2147483317,-2147483318,-2147483319,-2147483320,-2147483321,-2147483322,-2147483323,-2147483324,-2147483325,-2147483326,-2147483327,-2147483328,-2147483329,-2147483330,-2147483331,-2147483332,-2147483333,-2147483334,-2147483335,-2147483336,-2147483337,-2147483338,-2147483339,-2147483340,-2147483341,-2147483342,-2147483343,-2147483344,-2147483345,-2147483346
1073743040,1073743041,1073743042,1073743043,1073743044,1073743045,1073743046,1073743047,1073743048,1073743049,1073743050,1073743051,1073743052,1073743053,1073743054,1073743055,1073743056,1073743057,1073743058,1073743059,1073743060,1073743061,1073743062,1073743063,1073743064,1073743065,1073743066,1073743067,1073743068,1073743069,1073743070,1073743071,1073743072,1073743073,1073743074,1073743075,1073743076,1073743077,1073743078,1073743079,1073743080,1073743081,1073743082,-2147483230,-2147483231,-2147483232,-2147483233,-2147483234,-2147483235,-2147483236,-2147483237,-2147483238,-2147483239,-2147483240,-2147483241,-2147483242,-2147483243,-2147483244,-2147483245,-2147483246,-2147483247,-2147483248,-2147483249,-2147483250,-2147483251,-2147483252,-2147483253,-2147483254,-2147483255,-2147483256,-2147483257,-2147483258,-2147483259,-2147483260,-2147483261,-2147483262,-2147483263,-2147483264,-2147483265,-2147483266,-2147483267,-2147483268,-2147483269,-2147483270,-2147483271,-2147483272,-2147483273,-2147483274,-2147483275,-2147483276,-2147483277,-2147483278,-2147483279,-2147483280,-2147483281,-2147483282,-2147483283,-2147483284,-2147483285,-2147483286
1073742980,1073742981,1073742982,1073742983,1073742984,1073742985,1073742986,1073742987,1073742988,1073742989,1073742990,1073742991,1073742992,1073742993,1073742994,1073742995,1073742996,1073742997,1073742998,1073742999,1073743000,1073743001,1073743002,1073743003,1073743004,1073743005,1073743006,1073743007,1073743008,1073743009,1073743010,1073743011,1073743012,1073743013,1073743014,1073743015,1073743016,1073743017,1073743018,1073743019,1073743020,1073743021,1073743022,-2147483170,-2147483171,-2147483172,-2147483173,-2147483174,-2147483175,-2147483176,-2147483177,-2147483178,-2147483179,-2147483180,-2147483181,-2147483182,-2147483183,-2147483184,-2147483185,-2147483186,-2147483187,-2147483188,-2147483189,-2147483190,-2147483191,-2147483192,-2147483193,-2147483194,-2147483195,-2147483196,-2147483197,-2147483198,-2147483199,-2147483200,-2147483201,-2147483202,-2147483203,-2147483204,-2147483205,-2147483206,-2147483207,-2147483208,-2147483209,-2147483210,-2147483211,-2147483212,-2147483213,-2147483214,-2147483215,-2147483216,-2147483217,-2147483218,-2147483219,-2147483220,-2147483221,-2147483222,-2147483223,-2147483224,-2147483225,-2147483226
1073742920,1073742921,1073742922,1073742923,1073742924,1073742925,1073742926,1073742927,1073742928,1073742929,1073742930,1073742931,1073742932,1073742933,1073742934,1073742935,1073742936,1073742937,1073742938,1073742939,1073742940,1073742941,1073742942,1073742943,1073742944,1073742945,1073742946,1073742947,1073742948,1073742949,1073742950,1073742951,1073742952,1073742953,1073742954,1073742955,1073742956,1073742957,1073742958,1073742959,1073742960,1073742961,1073742962,-2147483110,-2147483111,-2147483112,-2147483113,-2147483114,-2147483115,-2147483116,-2147483117,-2147483118,-2147483119,-2147483120,-2147483121,-2147483122,-2147483123,-2147483124,-2147483125,-2147483126,-2147483127,-2147483128,-2147483129,-2147483130,-2147483131,-2147483132,-2147483133,-2147483134,-2147483135,-2147483136,-2147483137,-2147483138,-2147483139,-2147483140,-2147483141,-2147483142,-2147483143,-2147483144,-2147483145,-2147483146,-2147483147,-2147483148,-2147483149,-2147483150,-2147483151,-2147483152,-2147483153,-2147483154,-2147483155,-2147483156,-2147483157,-2147483158,-2147483159,-2147483160,-2147483161,-2147483162,-2147483163,-2147483164,-2147483165,-2147483166
1073742860,1073742861,1073742862,1073742863,1073742864,1073742865,1073742866,1073742867,1073742868,1073742869,1073742870,1073742871,1073742872,1073742873,1073742874,1073742875,1073742876,1073742877,1073742878,1073742879,1073742880,1073742881,1073742882,1073742883,1073742884,1073742885,1073742886,1073742887,1073742888,1073742889,1073742890,1073742891,1073742892,1073742893,1073742894,1073742895,1073742896,1073742897,1073742898,1073742899,1073742900,1073742901,1073742902,-2147483050,-2147483051,-2147483052,-2147483053,-2147483054,-2147483055,-2147483056,-2147483057,-2147483058,-2147483059,-2147483060,-2147483061,-2147483062,-2147483063,-2147483064,-2147483065,-2147483066,-2147483067,-2147483068,-2147483069,-2147483070,-2147483071,-2147483072,-2147483073,-2147483074,-2147483075,-2147483076,-2147483077,-2147483078,-2147483079,-2147483080,-2147483081,-2147483082,-2147483083,-2147483084,-2147483085,-2147483086,-2147483087,-2147483088,-2147483089,-2147483090,-2147483091,-2147483092,-2147483093,-2147483094,-2147483095,-2147483096,-2147483097,-2147483098,-2147483099,-2147483100,-2147483101,-2147483102,-2147483103,-2147483104,-2147483105,-2147483106
1073742800,1073742801,1073742802,1073742803,1073742804,1073742805,1073742806,1073742807,1073742808,1073742809,1073742810,1073742811,1073742812,1073742813,1073742814,1073742815,1073742816,1073742817,1073742818,1073742819,1073742820,1073742821,1073742822,1073742823,1073742824,1073742825,1073742826,1073742827,1073742828,1073742829,1073742830,1073742831,1073742832,1073742833,1073742834,1073742835,1073742836,1073742837,1073742838,1073742839,1073742840,1073742841,1073742842,-2147482990,-2147482991,-2147482992,-2147482993,-2147482994,-2147482995,-2147482996,-2147482997,-2147482998,-2147482999,-2147483000,-2147483001,-2147483002,-2147483003,-2147483004,-2147483005,-2147483006,-2147483007,-2147483008,-2147483009,-2147483010,-2147483011,-2147483012,-2147483013,-2147483014,-2147483015,-2147483016,-2147483017,-2147483018,-2147483019,-2147483020,-2147483021,-2147483022,-2147483023,-2147483024,-2147483025,-2147483026,-2147483027,-2147483028,-2147483029,-2147483030,-2147483031,-2147483032,-2147483033,-2147483034,-2147483035,-2147483036,-2147483037,-2147483038,-2147483039,-2147483040,-2147483041,-2147483042,-2147483043,-2147483044,-2147483045,-2147483046
1073742740,1073742741,1073742742,1073742743,1073742744,1073742745,1073742746,1073742747,1073742748,1073742749,1073742750,1073742751,1073742752,1073742753,1073742754,1073742755,1073742756,1073742757,1073742758,1073742759,1073742760,1073742761,1073742762,1073742763,1073742764,1073742765,1073742766,1073742767,1073742768,1073742769,1073742770,1073742771,1073742772,1073742773,1073742774,1073742775,1073742776,1073742777,1073742778,1073742779,1073742780,1073742781,1073742782,-2147482930,-2147482931,-2147482932,-2147482933,-2147482934,-2147482935,-2147482936,-2147482937,-2147482938,-2147482939,-2147482940,-2147482941,-2147482942,-2147482943,-2147482944,-2147482945,-2147482946,-2147482947,-2147482948,-2147482949,-2147482950,-2147482951,-2147482952,-2147482953,-2147482954,-2147482955,-2147482956,-2147482957,-2147482958,-2147482959,-2147482960,-2147482961,-2147482962,-2147482963,-2147482964,-2147482965,-2147482966,-2147482967,-2147482968,-2147482969,-2147482970,-2147482971,-2147482972,-2147482973,-2147482974,-2147482975,-2147482976,-2147482977,-2147482978,-2147482979,-2147482980,-2147482981,-2147482982,-2147482983,-2147482984,-2147482985,-2147482986
1073742680,1073742681,1073742682,1073742683,1073742684,1073742685,1073742686,1073742687,1073742688,1073742689,1073742690,1073742691,1073742692,1073742693,1073742694,1073742695,1073742696,1073742697,1073742698,1073742699,1073742700,1073742701,1073742702,1073742703,1073742704,1073742705,1073742706,1073742707,1073742708,1073742709,1073742710,1073742711,1073742712,1073742713,1073742714,1073742715,1073742716,1073742717,1073742718,1073742719,1073742720,1073742721,1073742722,-2147482870,-2147482871,-2147482872,-2147482873,-2147482874,-2147482875,-2147482876,-2147482877,-2147482878,-2147482879,-2147482880,-2147482881,-2147482882,-2147482883,-2147482884,-2147482885,-2147482886,-2147482887,-2147482888,-2147482889,-2147482890,-2147482891,-2147482892,-2147482893,-2147482894,-2147482895,-2147482896,-2147482897,-2147482898,-2147482899,-2147482900,-2147482901,-2147482902,-2147482903,-2147482904,-2147482905,-2147482906,-2147482907,-2147482908,-2147482909,-2147482910,-2147482911,-2147482912,-2147482913,-2147482914,-2147482915,-2147482916,-2147482917,-2147482918,-2147482919,-2147482920,-2147482921,-2147482922,-2147482923,-2147482924,-2147482925,-2147482926
1073742620,1073742621,1073742622,1073742623,1073742624,1073742625,1073742626,1073742627,1073742628,1073742629,1073742630,1073742631,1073742632,1073742633,1073742634,1073742635,1073742636,1073742637,1073742638,1073742639,1073742640,1073742641,1073742642,1073742643,1073742644,1073742645,1073742646,1073742647,1073742648,1073742649,1073742650,1073742651,1073742652,1073742653,1073742654,1073742655,1073742656,1073742657,1073742658,1073742659,1073742660,1073742661,1073742662,-2147482810,-2147482811,-2147482812,-2147482813,-2147482814,-2147482815,-2147482816,-2147482817,-2147482818,-2147482819,-2147482820,-2147482821,-2147482822,-2147482823,-2147482824,-2147482825,-2147482826,-2147482827,-2147482828,-2147482829,-2147482830,-2147482831,-2147482832,-2147482833,-2147482834,-2147482835,-2147482836,-2147482837,-2147482838,-2147482839,-2147482840,-2147482841,-2147482842,-2147482843,-2147482844,-2147482845,-2147482846,-2147482847,-2147482848,-2147482849,-2147482850,-2147482851,-2147482852,-2147482853,-2147482854,-2147482855,-2147482856,-2147482857,-2147482858,-2147482859,-2147482860,-2147482861,-2147482862,-2147482863,-2147482864,-2147482865,-2147482866
1073742560,1073742561,1073742562,1073742563,1073742564,1073742565,1073742566,1073742567,1073742568,1073742569,1073742570,1073742571,1073742572,1073742573,1073742574,1073742575,1073742576,1073742577,1073742578,1073742579,1073742580,1073742581,1073742582,1073742583,1073742584,1073742585,1073742586,1073742587,1073742588,1073742589,1073742590,1073742591,1073742592,1073742593,1073742594,1073742595,1073742596,1073742597,1073742598,1073742599,1073742600,1073742601,1073742602,-2147482750,-2147482751,-2147482752,-2147482753,-2147482754,-2147482755,-2147482756,-2147482757,-2147482758,-2147482759,-2147482760,-2147482761,-2147482762,-2147482763,-2147482764,-2147482765,-2147482766,-2147482767,-2147482768,-2147482769,-2147482770,-2147482771,-2147482772,-2147482773,-2147482774,-2147482775,-2147482776,-2147482777,-2147482778,-2147482779,-2147482780,-2147482781,-2147482782,-2147482783,-2147482784,-2147482785,-2147482786,-2147482787,-2147482788,-2147482789,-2147482790,-2147482791,-2147482792,-2147482793,-2147482794,-2147482795,-2147482796,-2147482797,-2147482798,-2147482799,-2147482800,-2147482801,-2147482802,-2147482803,-2147482804,-2147482805,-2147482806
1073742500,1073742501,1073742502,1073742503,1073742504,1073742505,1073742506,1073742507,1073742508,1073742509,1073742510,1073742511,1073742512,1073742513,1073742514,1073742515,1073742516,1073742517,1073742518,1073742519,1073742520,1073742521,1073742522,1073742523,1073742524,1073742525,1073742526,1073742527,1073742528,1073742529,1073742530,1073742531,1073742532,1073742533,1073742534,1073742535,1073742536,1073742537,1073742538,1073742539,1073742540,1073742541,1073742542,-2147482690,-2147482691,-2147482692,-2147482693,-2147482694,-2147482695,-2147482696,-2147482697,-2147482698,-2147482699,-2147482700,-2147482701,-2147482702,-2147482703,-2147482704,-2147482705,-2147482706,-2147482707,-2147482708,-2147482709,-2147482710,-2147482711,-2147482712,-2147482713,-2147482714,-2147482715,-2147482716,-2147482717,-2147482718,-2147482719,-2147482720,-2147482721,-2147482722,-2147482723,-2147482724,-2147482725,-2147482726,-2147482727,-2147482728,-2147482729,-2147482730,-2147482731,-2147482732,-2147482733,-2147482734,-2147482735,-2147482736,-2147482737,-2147482738,-2147482739,-2147482740,-2147482741,-2147482742,-2147482743,-2147482744,-2147482745,-2147482746
1073742440,1073742441,1073742442,1073742443,1073742444,1073742445,1073742446,1073742447,1073742448,1073742449,1073742450,1073742451,1073742452,1073742453,1073742454,1073742455,1073742456,1073742457,1073742458,1073742459,1073742460,1073742461,1073742462,1073742463,1073742464,1073742465,1073742466,1073742467,1073742468,1073742469,1073742470,1073742471,1073742472,1073742473,1073742474,1073742475,1073742476,1073742477,1073742478,1073742479,1073742480,1073742481,1073742482,-2147482630,-2147482631,-2147482632,-2147482633,-2147482634,-2147482635,-2147482636,-2147482637,-2147482638,-2147482639,-2147482640,-2147482641,-2147482642,-2147482643,-2147482644,-2147482645,-2147482646,-2147482647,-2147482648,-2147482649,-2147482650,-2147482651,-2147482652,-2147482653,-2147482654,-2147482655,-2147482656,-2147482657,-2147482658,-2147482659,-2147482660,-2147482661,-2147482662,-2147482663,-2147482664,-2147482665,-2147482666,-2147482667,-2147482668,-2147482669,-2147482670,-2147482671,-2147482672,-2147482673,-2147482674,-2147482675,-2147482676,-2147482677,-2147482678,-2147482679,-2147482680,-2147482681,-2147482682,-2147482683,-2147482684,-2147482685,-2147482686
1073742380,1073742381,1073742382,1073742383,1073742384,1073742385,1073742386,1073742387,1073742388,1073742389,1073742390,1073742391,1073742392,1073742393,1073742394,1073742395,1073742396,1073742397,1073742398,1073742399,1073742400,1073742401,1073742402,1073742403,1073742404,1073742405,1073742406,1073742407,1073742408,1073742409,1073742410,1073742411,1073742412,1073742413,1073742414,1073742415,1073742416,1073742417,1073742418,1073742419,1073742420,1073742421,1073742422,-2147482570,-2147482571,-2147482572,-2147482573,-2147482574,-2147482575,-2147482576,-2147482577,-2147482578,-2147482579,-2147482580,-2147482581,-2147482582,-2147482583,-2147482584,-2147482585,-2147482586,-2147482587,-2147482588,-2147482589,-2147482590,-2147482591,-2147482592,-2147482593,-2147482594,-2147482595,-2147482596,-2147482597,-2147482598,-2147482599,-2147482600,-2147482601,-2147482602,-2147482603,-2147482604,-2147482605,-2147482606,-2147482607,-2147482608,-2147482609,-2147482610,-2147482611,-2147482612,-2147482613,-2147482614,-2147482615,-2147482616,-2147482617,-2147482618,-2147482619,-2147482620,-2147482621,-2147482622,-2147482623,-2147482624,-2147482625,-2147482626
1073742320,1073742321,1073742322,1073742323,1073742324,1073742325,1073742326,1073742327,1073742328,1073742329,1073742330,1073742331,1073742332,1073742333,1073742334,1073742335,1073742336,1073742337,1073742338,1073742339,1073742340,1073742341,1073742342,1073742343,1073742344,1073742345,1073742346,1073742347,1073742348,1073742349,1073742350,1073742351,1073742352,1073742353,1073742354,1073742355,1073742356,1073742357,1073742358,1073742359,1073742360,1073742361,1073742362,-2147482510,-2147482511,-2147482512,-2147482513,-2147482514,-2147482515,-2147482516,-2147482517,-2147482518,-2147482519,-2147482520,-2147482521,-2147482522,-2147482523,-2147482524,-2147482525,-2147482526,-2147482527,-2147482528,-2147482529,-2147482530,-2147482531,-2147482532,-2147482533,-2147482534,-2147482535,-2147482536,-2147482537,-2147482538,-2147482539,-2147482540,-2147482541,-2147482542,-2147482543,-2147482544,-2147482545,-2147482546,-2147482547,-2147482548,-2147482549,-2147482550,-2147482551,-2147482552,-2147482553,-2147482554,-2147482555,-2147482556,-2147482557,-2147482558,-2147482559,-2147482560,-2147482561,-2147482562,-2147482563,-2147482564,-2147482565,-2147482566
1073742260,1073742261,1073742262,1073742263,1073742264,1073742265,1073742266,1073742267,1073742268,1073742269,1073742270,1073742271,1073742272,1073742273,1073742274,1073742275,1073742276,1073742277,1073742278,1073742279,1073742280,1073742281,1073742282,1073742283,1073742284,1073742285,1073742286,1073742287,1073742288,1073742289,1073742290,1073742291,1073742292,1073742293,1073742294,1073742295,1073742296,1073742297,1073742298,1073742299,1073742300,1073742301,1073742302,-2147482450,-2147482451,-2147482452,-2147482453,-2147482454,-2147482455,-2147482456,-2147482457,-2147482458,-2147482459,-2147482460,-2147482461,-2147482462,-2147482463,-2147482464,-2147482465,-2147482466,-2147482467,-2147482468,-2147482469,-2147482470,-2147482471,-2147482472,-2147482473,-2147482474,-2147482475,-2147482476,-2147482477,-2147482478,-2147482479,-2147482480,-2147482481,-2147482482,-2147482483,-2147482484,-2147482485,-2147482486,-2147482487,-2147482488,-2147482489,-2147482490,-2147482491,-2147482492,-2147482493,-2147482494,-2147482495,-2147482496,-2147482497,-2147482498,-2147482499,-2147482500,-2147482501,-2147482502,-2147482503,-2147482504,-2147482505,-2147482506
1073742200,1073742201,1073742202,1073742203,1073742204,1073742205,1073742206,1073742207,1073742208,1073742209,1073742210,1073742211,1073742212,1073742213,1073742214,1073742215,1073742216,1073742217,1073742218,1073742219,1073742220,1073742221,1073742222,1073742223,1073742224,1073742225,1073742226,1073742227,1073742228,1073742229,1073742230,1073742231,1073742232,1073742233,1073742234,1073742235,1073742236,1073742237,1073742238,1073742239,1073742240,1073742241,1073742242,-2147482390,-2147482391,-2147482392,-2147482393,-2147482394,-2147482395,-2147482396,-2147482397,-2147482398,-2147482399,-2147482400,-2147482401,-2147482402,-2147482403,-2147482404,-2147482405,-2147482406,-2147482407,-2147482408,-2147482409,-2147482410,-2147482411,-2147482412,-2147482413,-2147482414,-2147482415,-2147482416,-2147482417,-2147482418,-2147482419,-2147482420,-2147482421,-2147482422,-2147482423,-2147482424,-2147482425,-2147482426,-2147482427,-2147482428,-2147482429,-2147482430,-2147482431,-2147482432,-2147482433,-2147482434,-2147482435,-2147482436,-2147482437,-2147482438,-2147482439,-2147482440,-2147482441,-2147482442,-2147482443,-2147482444,-2147482445,-2147482446
1073742140,1073742141,1073742142,1073742143,1073742144,1073742145,1073742146,1073742147,1073742148,1073742149,1073742150,1073742151,1073742152,1073742153,1073742154,1073742155,1073742156,1073742157,1073742158,1073742159,1073742160,1073742161,1073742162,1073742163,1073742164,1073742165,1073742166,1073742167,1073742168,1073742169,1073742170,1073742171,1073742172,1073742173,1073742174,1073742175,1073742176,1073742177,1073742178,1073742179,1073742180,1073742181,1073742182,-2147482330,-2147482331,-2147482332,-2147482333,-2147482334,-2147482335,-2147482336,-2147482337,-2147482338,-2147482339,-2147482340,-2147482341,-2147482342,-2147482343,-2147482344,-2147482345,-2147482346,-2147482347,-2147482348,-2147482349,-2147482350,-2147482351,-2147482352,-2147482353,-2147482354,-2147482355,-2147482356,-2147482357,-2147482358,-2147482359,-2147482360,-2147482361,-2147482362,-2147482363,-2147482364,-2147482365,-2147482366,-2147482367,-2147482368,-2147482369,-2147482370,-2147482371,-2147482372,-2147482373,-2147482374,-2147482375,-2147482376,-2147482377,-2147482378,-2147482379,-2147482380,-2147482381,-2147482382,-2147482383,-2147482384,-2147482385,-2147482386
1073742080,1073742081,1073742082,1073742083,1073742084,1073742085,1073742086,1073742087,1073742088,1073742089,1073742090,1073742091,1073742092,1073742093,1073742094,1073742095,1073742096,1073742097,1073742098,1073742099,1073742100,1073742101,1073742102,1073742103,1073742104,1073742105,1073742106,1073742107,1073742108,1073742109,1073742110,1073742111,1073742112,1073742113,1073742114,1073742115,1073742116,1073742117,1073742118,1073742119,1073742120,1073742121,1073742122,-2147482270,-2147482271,-2147482272,-2147482273,-2147482274,-2147482275,-2147482276,-2147482277,-2147482278,-2147482279,-2147482280,-2147482281,-2147482282,-2147482283,-2147482284,-2147482285,-2147482286,-2147482287,-2147482288,-2147482289,-2147482290,-2147482291,-2147482292,-2147482293,-2147482294,-2147482295,-2147482296,-2147482297,-2147482298,-2147482299,-2147482300,-2147482301,-2147482302,-2147482303,-2147482304,-2147482305,-2147482306,-2147482307,-2147482308,-2147482309,-2147482310,-2147482311,-2147482312,-2147482313,-2147482314,-2147482315,-2147482316,-2147482317,-2147482318,-2147482319,-2147482320,-2147482321,-2147482322,-2147482323,-2147482324,-2147482325,-2147482326
1073742020,1073742021,1073742022,1073742023,1073742024,1073742025,1073742026,1073742027,1073742028,1073742029,1073742030,1073742031,1073742032,1073742033,1073742034,1073742035,1073742036,1073742037,1073742038,1073742039,1073742040,1073742041,1073742042,1073742043,1073742044,1073742045,1073742046,1073742047,1073742048,1073742049,1073742050,1073742051,1073742052,1073742053,1073742054,1073742055,1073742056,1073742057,1073742058,1073742059,1073742060,1073742061,1073742062,-2147482210,-2147482211,-2147482212,-2147482213,-2147482214,-2147482215,-2147482216,-2147482217,-2147482218,-2147482219,-2147482220,-2147482221,-2147482222,-2147482223,-2147482224,-2147482225,-2147482226,-2147482227,-2147482228,-2147482229,-2147482230,-2147482231,-2147482232,-2147482233,-2147482234,-2147482235,-2147482236,-2147482237,-2147482238,-2147482239,-2147482240,-2147482241,-2147482242,-2147482243,-2147482244,-2147482245,-2147482246,-2147482247,-2147482248,-2147482249,-2147482250,-2147482251,-2147482252,-2147482253,-2147482254,-2147482255,-2147482256,-2147482257,-2147482258,-2147482259,-2147482260,-2147482261,-2147482262,-2147482263,-2147482264,-2147482265,-2147482266
1073741960,1073741961,1073741962,1073741963,1073741964,1073741965,1073741966,1073741967,1073741968,1073741969,1073741970,1073741971,1073741972,1073741973,1073741974,1073741975,1073741976,1073741977,1073741978,1073741979,1073741980,1073741981,1073741982,1073741983,1073741984,1073741985,1073741986,1073741987,1073741988,1073741989,1073741990,1073741991,1073741992,1073741993,1073741994,1073741995,1073741996,1073741997,1073741998,1073741999,1073742000,1073742001,1073742002,-2147482150,-2147482151,-2147482152,-2147482153,-2147482154,-2147482155,-2147482156,-2147482157,-2147482158,-2147482159,-2147482160,-2147482161,-2147482162,-2147482163,-2147482164,-2147482165,-2147482166,-2147482167,-2147482168,-2147482169,-2147482170,-2147482171,-2147482172,-2147482173,-2147482174,-2147482175,-2147482176,-2147482177,-2147482178,-2147482179,-2147482180,-2147482181,-2147482182,-2147482183,-2147482184,-2147482185,-2147482186,-2147482187,-2147482188,-2147482189,-2147482190,-2147482191,-2147482192,-2147482193,-2147482194,-2147482195,-2147482196,-2147482197,-2147482198,-2147482199,-2147482200,-2147482201,-2147482202,-2147482203,-2147482204,-2147482205,-2147482206
1073741900,1073741901,1073741902,1073741903,1073741904,1073741905,1073741906,1073741907,1073741908,1073741909,1073741910,1073741911,1073741912,1073741913,1073741914,1073741915,1073741916,1073741917,1073741918,1073741919,1073741920,1073741921,1073741922,1073741923,1073741924,1073741925,1073741926,1073741927,1073741928,1073741929,1073741930,1073741931,1073741932,1073741933,1073741934,1073741935,1073741936,1073741937,1073741938,1073741939,1073741940,1073741941,1073741942,-2147482090,-2147482091,-2147482092,-2147482093,-2147482094,-2147482095,-2147482096,-2147482097,-2147482098,-2147482099,-2147482100,-2147482101,-2147482102,-2147482103,-2147482104,-2147482105,-2147482106,-2147482107,-2147482108,-2147482109,-2147482110,-2147482111,-2147482112,-2147482113,-2147482114,-2147482115,-2147482116,-2147482117,-2147482118,-2147482119,-2147482120,-2147482121,-2147482122,-2147482123,-2147482124,-2147482125,-2147482126,-2147482127,-2147482128,-2147482129,-2147482130,-2147482131,-2147482132,-2147482133,-2147482134,-2147482135,-2147482136,-2147482137,-2147482138,-2147482139,-2147482140,-2147482141,-2147482142,-2147482143,-2147482144,-2147482145,-2147482146
1073743386,1073743387,1073743388,1073743389,1073743390,1073743391,1073743392,1073743393,1073743394,1073743395,1073743396,1073743397,1073743398,1073743399,1073743400,1073743401,1073743402,1073743403,1073743404,1073743405,1073743406,1073743407,1073743408,1073743409,1073743410,1073743411,1073743412,1073743413,1073743414,1073743415,1073743416,1073743417,1073743418,1073743419,1073743420,1073743421,1073743422,1073743423,1073743424,1073743425,1073743426,1073743427,1073743428,1073743429,1073743430,1073743431,1073743432,1073743433,1073743434,1073743435,1073743436,1073743437,1073743438,1073743385,1073743386,1073743387,1073743388,1073743389,1073743390,1073743391,1073743392,1073743393,1073743394,1073743395,1073743396,1073743397,1073743398,1073743399,1073743400,1073743401,1073743402,1073743403,1073743404,1073743405,1073743406,1073743407,1073743408,1073743409,1073743410,1073743411,1073743412,1073743413,1073743414,1073743415,1073743416,1073743417,1073743418,1073743419,1073743420,1073743421,1073743422,1073743423,1073743424,1073743425,1073743426,1073743427,1073743428,1073743429,1073743430,1073743431
1073743326,1073743327,1073743328,1073743329,1073743330,1073743331,1073743332,1073743333,1073743334,1073743335,1073743336,1073743337,1073743338,1073743339,1073743340,1073743341,1073743342,1073743343,1073743344,1073743345,1073743346,1073743347,1073743348,1073743349,1073743350,1073743351,1073743352,1073743353,1073743354,1073743355,1073743356,1073743357,1073743358,1073743359,1073743360,1073743361,1073743362,1073743363,1073743364,1073743365,1073743366,1073743367,1073743368,1073743369,1073743370,1073743371,1073743372,1073743373,1073743374,1073743375,1073743376,1073743377,1073743378,1073743325,1073743326,1073743327,1073743328,1073743329,1073743330,1073743331,1073743332,1073743333,1073743334,1073743335,1073743336,1073743337,1073743338,1073743339,1073743340,1073743341,1073743342,1073743343,1073743344,1073743345,1073743346,1073743347,1073743348,1073743349,1073743350,1073743351,1073743352,1073743353,1073743354,1073743355,1073743356,1073743357,1073743358,1073743359,1073743360,1073743361,1073743362,1073743363,1073743364,1073743365,1073743366,1073743367,1073743368,1073743369,1073743370,1073743371
1073743266,1073743267,1073743268,1073743269,1073743270,1073743271,1073743272,1073743273,1073743274,1073743275,1073743276,1073743277,1073743278,1073743279,1073743280,1073743281,1073743282,1073743283,1073743284,1073743285,1073743286,1073743287,1073743288,1073743289,1073743290,1073743291,1073743292,1073743293,1073743294,1073743295,1073743296,1073743297,1073743298,1073743299,1073743300,1073743301,1073743302,1073743303,1073743304,1073743305,1073743306,1073743307,1073743308,1073743309,1073743310,1073743311,1073743312,1073743313,1073743314,1073743315,1073743316,1073743317,1073743318,1073743265,1073743266,1073743267,1073743268,1073743269,1073743270,1073743271,1073743272,1073743273,1073743274,1073743275,1073743276,1073743277,1073743278,1073743279,1073743280,1073743281,1073743282,1073743283,1073743284,1073743285,1073743286,1073743287,1073743288,1073743289,1073743290,1073743291,1073743292,1073743293,1073743294,1073743295,1073743296,1073743297,1073743298,1073743299,1073743300,1073743301,1073743302,1073743303,1073743304,1073743305,1073743306,1073743307,1073743308,1073743309,1073743310,1073743311
1073743206,1073743207,1073743208,1073743209,1073743210,1073743211,1073743212,1073743213,1073743214,1073743215,1073743216,1073743217,1073743218,1073743219,1073743220,1073743221,1073743222,1073743223,1073743224,1073743225,1073743226,1073743227,1073743228,1073743229,1073743230,1073743231,1073743232,1073743233,1073743234,1073743235,1073743236,1073743237,1073743238,1073743239,1073743240,1073743241,1073743242,1073743243,1073743244,1073743245,1073743246,1073743247,1073743248,1073743249,1073743250,1073743251,1073743252,1073743253,1073743254,1073743255,1073743256,1073743257,1073743258,1073743205,1073743206,1073743207,1073743208,1073743209,1073743210,1073743211,1073743212,1073743213,1073743214,1073743215,1073743216,1073743217,1073743218,1073743219,1073743220,1073743221,1073743222,1073743223,1073743224,1073743225,1073743226,1073743227,1073743228,1073743229,1073743230,1073743231,1073743232,1073743233,1073743234,1073743235,1073743236,1073743237,1073743238,1073743239,1073743240,1073743241,1073743242,1073743243,1073743244,1073743245,1073743246,1073743247,1073743248,1073743249,1073743250,1073743251
1073743146,1073743147,1073743148,1073743149,1073743150,1073743151,1073743152,1073743153,1073743154,1073743155,1073743156,1073743157,1073743158,1073743159,1073743160,1073743161,1073743162,1073743163,1073743164,1073743165,1073743166,1073743167,1073743168,1073743169,1073743170,1073743171,1073743172,1073743173,1073743174,1073743175,1073743176,1073743177,1073743178,1073743179,1073743180,1073743181,1073743182,1073743183,1073743184,1073743185,1073743186,1073743187,1073743188,1073743189,1073743190,1073743191,1073743192,1073743193,1073743194,1073743195,1073743196,1073743197,1073743198,1073743145,1073743146,1073743147,1073743148,1073743149,1073743150,1073743151,1073743152,1073743153,1073743154,1073743155,1073743156,1073743157,1073743158,1073743159,1073743160,1073743161,1073743162,1073743163,1073743164,1073743165,1073743166,1073743167,1073743168,1073743169,1073743170,1073743171,1073743172,1073743173,1073743174,1073743175,1073743176,1073743177,1073743178,1073743179,1073743180,1073743181,1073743182,1073743183,1073743184,1073743185,1073743186,1073743187,1073743188,1073743189,1073743190,1073743191
